point_x, point_y, eye_x, eye_y
97.60001,494.1,342.9447,286.5814
97.60001,494.1,342.5679,287.3495
97.60001,494.1,342.7841,287.7425
97.60001,494.1,343.1154,287.7408
97.60001,494.1,343.2341,287.7361
97.60001,494.1,343.8322,286.4663
97.60001,494.1,343.6737,285.7018
97.60001,494.1,343.491,287.329
97.60001,494.1,342.977,288.0999
97.60001,494.1,341.4012,287.7209
97.60001,494.1,341.3376,286.4242
97.60001,494.1,341.0699,283.6832
97.60001,494.1,337.4142,285.6025
97.60001,494.1,297.3606,319.5689
97.60001,494.1,270.194,343.9577
97.60001,494.1,220.0052,390.854
97.60001,494.1,207.1738,404.4328
97.60001,494.1,204.5267,408.1987
97.60001,494.1,204.4587,408.9268
97.60001,494.1,204.0019,409.879
97.60001,494.1,203.5668,410.0517
97.60001,494.1,203.0723,410.5558
97.60001,494.1,203.1258,411.5348
97.60001,494.1,203.134,414.106
97.60001,494.1,203.1053,414.2553
97.60001,494.1,203.8557,415.5338
97.60001,494.1,205.4137,418.9082
97.60001,494.1,210.3198,431.6785
97.60001,494.1,212.5278,438.2378
97.60001,494.1,213.3635,445.7979
97.60001,494.1,212.946,447.2794
97.60001,494.1,212.4186,449.8155
97.60001,494.1,212.2728,451.2069
97.60001,494.1,211.9994,452.0121
97.60001,494.1,211.892,451.9417
97.60001,494.1,212.1317,452.8764
97.60001,494.1,212.0936,453.6278
97.60001,494.1,211.9259,455.2512
97.60001,494.1,211.5447,456.5201
97.60001,494.1,210.2442,459.7458
97.60001,494.1,209.2104,460.8741
97.60001,494.1,207.556,462.1964
97.60001,494.1,206.6904,462.9168
97.60001,494.1,205.2096,465.2617
97.60001,494.1,204.2628,467.0074
97.60001,494.1,201.8445,470.8887
97.60001,494.1,200.9518,473.0504
97.60001,494.1,199.5791,475.6844
97.60001,494.1,199.2963,475.9876
97.60001,494.1,199.0193,475.6626
97.60001,494.1,198.5647,475.4308
97.60001,494.1,198.234,474.8342
97.60001,494.1,198.8806,474.0222
97.60001,494.1,200.0266,472.4096
97.60001,494.1,200.0817,471.4255
97.60001,494.1,199.2737,469.887
97.60001,494.1,198.782,469.463
97.60001,494.1,198.4885,468.7185
97.60001,494.1,198.6159,468.9646
97.60001,494.1,199.5032,469.6203
97.60001,494.1,199.9144,470.3575
97.60001,494.1,199.9519,470.8508
97.60001,494.1,198.2762,465.2325
97.60001,494.1,198.2534,461.756
97.60004,494.1,197.4753,456.3896
97.60004,494.1,197.6676,454.7915
97.60007,494.1,200.1741,455.2719
97.6001,494.1,200.1741,455.2719
97.60013,494.1,200.1741,455.2719
97.60019,494.1,200.1741,455.2719
97.60028,494.1,200.1741,455.2719
97.6004,494.1,176.8309,503.7393
97.60052,494.1,180.8754,527.9948
97.60071,494.1,186.1462,540.0236
97.60095,494.1,188.6398,539.6967
97.60126,494.1,195.778,546.311
97.60162,494.1,197.4233,545.5447
97.60205,494.1,197.5808,543.3699
97.6026,494.1,197.0834,542.5394
97.60321,494.1,196.5963,541.958
97.60397,494.1,196.6431,542.9446
97.60492,494.1,195.2324,544.7327
97.60593,494.1,194.8216,544.9764
97.60712,494.1,195.0991,542.73
97.60855,494.1,195.7819,541.7134
97.61014,494.1,196.6086,539.8777
97.612,494.1,196.2136,539.2026
97.61414,494.1,195.1522,540.5507
97.61655,494.1,194.6077,541.1158
97.61926,494.1,194.2327,541.0464
97.62238,494.1,194.0781,541.5803
97.62582,494.1,193.9797,541.2242
97.6297,494.1,193.77,541.8254
97.63403,494.1,193.4945,542.2939
97.63895,494.1,194.2236,543.0635
97.6442,494.1,194.6631,543.3377
97.65015,494.1,195.2809,542.5117
97.65677,494.1,195.3454,542.1495
97.66388,494.1,195.8294,542.0678
97.67181,494.1,196.0399,541.3624
97.68054,494.1,194.9507,539.3694
97.69043,494.1,194.1712,538.9604
97.70044,494.1,194.8153,539.9701
97.71185,494.1,195.7825,540.8795
97.72421,494.1,196.3257,541.8574
97.73758,494.1,195.6333,542.1988
97.75211,494.1,193.6635,543.0042
97.76788,494.1,193.5209,543.0153
97.78494,494.1,194.368,541.7025
97.80331,494.1,194.6447,541.1085
97.82312,494.1,194.4633,539.4105
97.84506,494.1,194.1659,539.2322
97.86743,494.1,194.0688,538.8201
97.89206,494.1,194.5674,538.3166
97.91849,494.1,195.0652,533.8466
97.94678,494.1,196.0928,526.7368
97.97772,494.1,198.946,506.8777
98.00943,494.1,199.9901,497.5207
98.04462,494.1,199.8309,490.0282
98.08081,494.1,199.3253,491.1545
98.12067,494.1,199.69,492.4105
98.1618,494.1,199.5533,492.4462
98.20676,494.1,198.4258,491.651
98.25519,494.1,198.0378,491.4735
98.30344,494.1,197.3655,492.0152
98.35699,494.1,197.01,492.3122
98.41302,494.1,197.144,492.5859
98.47235,494.1,197.3094,492.5823
98.53549,494.1,197.3316,492.4287
98.60208,494.1,197.8269,491.4637
98.67239,494.1,197.9608,488.1313
98.74847,494.1,198.1649,486.6278
98.82486,494.1,198.7294,484.8683
98.90735,494.1,198.769,484.8996
98.9942,494.1,200.1522,484.9306
99.08722,494.1,200.5605,484.8488
99.18176,494.1,200.5232,483.453
99.28281,494.1,200.1176,482.748
99.39038,494.1,198.2465,481.3265
99.50058,494.1,197.3384,480.2119
99.61755,494.1,196.7471,479.517
99.74139,494.1,196.8768,479.4527
99.86871,494.1,197.853,481.7059
100.0039,494.1,198.5128,482.984
100.1443,494.1,199.202,482.962
100.2917,494.1,199.2189,482.6385
100.4572,494.1,198.8825,480.6689
100.6189,494.1,198.8617,479.1681
100.7879,494.1,199.3212,479.6261
100.9644,494.1,199.4277,480.5257
101.1486,494.1,199.3396,482.4292
101.3438,494.1,199.0545,483.1296
101.5461,494.1,198.1307,480.3861
101.7593,494.1,198.2641,478.6988
101.9731,494.1,200.2309,477.1869
102.2,494.1,201.0127,477.5025
102.4399,494.1,200.9974,478.3029
102.6822,494.1,200.3262,478.1103
102.9385,494.1,198.6232,475.0627
103.2039,494.1,198.0013,473.1411
103.4808,494.1,197.0606,471.4779
103.7681,494.1,196.6763,471.1252
104.0774,494.1,196.9622,471.663
104.3868,494.1,197.0521,472.2331
104.709,494.1,198.3894,472.6035
105.0429,494.1,199.0587,472.4914
105.3948,494.1,199.5886,472.0833
105.7637,494.1,199.4077,471.4547
106.1367,494.1,198.3902,471.989
106.5292,494.1,198.1225,472.3492
106.9276,494.1,197.1538,470.0021
107.3425,494.1,197.0004,468.3564
107.772,494.1,197.5787,467.0102
108.2164,494.1,198.2339,467.6146
108.6764,494.1,199.3089,470.359
109.1519,494.1,199.4545,471.3505
109.6438,494.1,199.7701,471.0355
110.1523,494.1,199.8345,470.4306
110.6778,494.1,199.7297,470.055
111.2207,494.1,199.8092,469.8495
111.7816,494.1,201.0849,468.4682
112.3607,494.1,202.1446,468.0663
112.9587,494.1,203.316,468.1924
113.5759,494.1,203.4861,468.5618
114.2128,494.1,204.8223,469.4979
114.8698,494.1,205.6714,468.7767
115.5528,494.1,206.9432,467.0465
116.2517,494.1,207.0323,466.9136
116.975,494.1,206.9878,467.1284
117.7148,494.1,207.5831,468.5945
118.4799,494.1,208.2526,468.774
119.2682,494.1,209.4823,467.7325
120.0803,494.1,209.9693,467.3398
120.9163,494.1,209.9931,466.7296
121.7775,494.1,209.8798,466.5548
122.6631,494.1,210.1622,466.951
123.5749,494.1,210.633,467.2476
124.5131,494.1,212.173,467.8683
125.4951,494.1,212.6216,468.0671
126.4707,494.1,214.115,468.3612
127.4916,494.1,214.8837,467.9935
128.5406,494.1,215.5409,465.8062
129.6194,494.1,215.9993,464.6394
130.7277,494.1,217.2246,464.3531
131.8669,494.1,219.0174,466.0883
133.146,494.1,219.4234,466.7358
134.5019,494.1,219.3745,466.18
135.7428,494.1,219.3097,465.4973
137.0173,494.1,220.6931,464.3542
138.3254,494.1,221.8783,463.6371
139.6683,494.1,223.2626,463.4933
141.1203,494.1,223.4723,463.2114
142.5842,494.1,223.1789,463.0151
144.149,494.1,223.4812,463.0504
145.6428,494.1,224.8187,464.0374
147.1946,494.1,225.8931,465.04
148.7883,494.1,228.6378,465.8728
150.4185,494.1,229.7376,466.5751
152.0513,494.1,230.4551,467.6158
153.7444,494.1,230.6563,467.7767
155.4787,494.1,231.7987,471.5918
157.2559,494.1,234.1824,481.4127
159.146,494.1,235.3308,486.5183
161.3827,494.1,236.7665,493.0639
163.3206,494.1,237.5943,493.951
165.278,494.1,237.954,493.6837
167.3613,494.1,238.1376,493.7495
169.4665,494.1,239.3215,493.6507
171.6582,494.1,239.8516,493.2319
173.7402,494.1,241.5948,493.494
176.0942,494.1,242.3419,493.9621
178.3622,494.1,243.1763,494.5339
180.754,494.1,243.5626,494.1754
183.1811,494.1,244.5539,493.6665
185.5732,494.1,256.1231,486.2148
188.0552,494.1,259.8943,479.9417
201.0591,494.1,261.6156,476.547
203.9863,494.1,262.8841,476.4485
208.596,494.1,263.8643,476.4384
211.8992,494.1,266.8372,478.0138
214.9576,494.1,268.0096,478.7868
218.0895,494.1,270.4901,479.6217
221.2706,494.1,271.6857,479.856
224.5275,494.1,274.1454,478.8493
227.9492,494.1,274.9268,478.2202
231.2479,494.1,272.6584,477.145
234.7151,494.1,271.3243,476.3782
238.2486,494.1,269.2503,474.8286
241.9511,494.1,269.1856,474.66
245.5397,494.1,272.4737,476.4743
249.2971,494.1,274.3904,476.1012
253.1305,494.1,271.342,456.5981
257.0408,494.1,264.411,437.5605
261.029,494.1,255.2212,410.4817
265.0974,494.1,249.361,394.7245
269.2465,494.1,249.361,394.7245
273.4771,494.1,249.361,394.7245
277.7909,494.1,249.361,394.7245
282.2281,494.1,249.361,394.7245
286.7164,494.1,249.361,394.7245
291.2416,494.1,249.361,394.7245
295.8987,494.1,257.3225,338.0503
300.6454,494.1,266.23,348.4842
305.4841,494.1,278.7151,375.6917
310.4315,494.1,341.235,407.5625
315.4542,494.1,342.2595,429.5004
320.5647,494.1,342.2437,448.769
325.7648,494.1,342.7177,450.2598
331.0802,494.1,343.2056,458.1815
336.4837,494.1,344.5943,462.466
341.99,494.1,349.7672,463.52
347.5984,494.1,352.1881,463.7969
353.3092,494.1,356.089,464.3192
359.2481,494.1,358.1948,464.1221
365.0456,494.1,361.6892,466.321
371.208,494.1,362.9292,467.2822
377.2078,494.1,367.7092,470.0582
383.7613,494.1,371.3117,471.5903
389.808,494.1,378.8531,474.0513
396.2791,494.1,382.3449,474.9813
403.1379,494.1,387.4408,474.1754
409.8444,494.1,389.2759,473.2939
416.3746,494.1,392.4924,471.8924
423.308,494.1,394.1306,472.0436
430.3622,494.1,398.7368,472.3513
437.582,494.1,401.7953,472.5311
444.8801,494.1,404.9587,472.3969
452.3019,494.1,410.5709,471.0538
459.8437,494.1,413.0684,470.9134
467.4873,494.1,417.7617,472.0856
475.2972,494.1,428.0464,472.4719
483.2362,494.1,435.7056,472.2556
491.5228,494.1,444.3375,472.4646
499.2501,494.1,458.0353,474.7498
507.0818,494.1,464.76,476.6024
514.7842,494.1,466.9528,476.7599
522.7618,494.1,470.039,476.5265
529.8049,494.1,476.9588,477.0771
537.1274,494.1,480.7502,478.6426
544.3252,494.1,487.5396,480.5293
551.5399,494.1,491.2547,480.7607
558.4836,494.1,498.4653,480.7977
565.1934,494.1,502.1839,481.0956
572.0172,494.1,509.2084,482.0125
578.5184,494.1,512.884,482.3735
585.0629,494.1,520.6353,481.5162
591.3845,494.1,524.6036,480.18
597.6501,494.1,531.7965,477.8428
603.8041,494.1,535.4067,476.9393
609.8847,494.1,542.032,476.9113
615.8172,494.1,545.5228,477.8725
621.6454,494.1,552.4917,478.4034
627.3647,494.1,556.4307,478.5134
633.1412,494.1,563.5778,479.9809
638.5107,494.1,566.7464,481.2479
643.9371,494.1,570.8266,483.0481
649.2659,494.1,572.6516,483.187
654.4948,494.1,576.5417,483.1328
659.6293,494.1,578.3943,483.3096
664.6686,494.1,581.9471,483.799
669.6151,494.1,584.2491,484.0166
674.4692,494.1,589.0011,483.5138
679.5198,494.1,591.2496,483.1358
684.2738,494.1,595.4252,483.164
688.8354,494.1,597.7582,484.1273
693.2645,494.1,602.5944,485.5669
697.7339,494.1,604.686,485.6085
702.0496,494.1,608.1473,484.8849
706.2371,494.1,611.3629,483.9913
710.4276,494.1,622.87,483.2538
714.5084,494.1,629.7595,483.4807
718.4723,494.1,641.8511,484.0869
722.4146,494.1,645.8469,484.6761
726.2351,494.1,650.4627,484.8168
730.0037,494.1,652.8602,483.9627
733.7008,494.1,656.8939,482.5471
737.4064,494.1,658.6563,482.2252
740.8563,494.1,661.7975,483.1855
744.3293,494.1,663.511,484.0414
747.7328,494.1,666.3173,484.9674
751.0664,494.1,668.035,485.3528
754.3315,494.1,670.9861,485.9667
757.6883,494.1,671.9637,486.7307
760.9182,494.1,674.1586,487.9232
763.9792,494.1,675.1699,487.462
766.9766,494.1,677.3962,486.1616
769.9102,494.1,678.5403,485.6055
772.7817,494.1,680.2362,484.6849
775.5921,494.1,680.9484,484.1534
778.3422,494.1,682.2379,482.1756
781.0334,494.1,683.1115,480.7761
783.6663,494.1,685.2607,478.3708
786.2421,494.1,686.4872,477.981
788.7612,494.1,689.5821,478.7663
791.2251,494.1,691.451,479.51
793.634,494.1,694.7432,478.3646
795.9902,494.1,698.1964,477.2989
798.2928,494.1,717.952,480.5367
800.5446,494.1,733.7485,485.3535
802.7493,494.1,762.0093,496.3695
804.9026,494.1,771.0583,499.9033
806.9969,494.1,774.6642,500.3381
809.0498,494.1,775.1276,499.231
811.0564,494.1,775.6029,497.4906
813.0627,494.1,775.7069,496.6565
814.9277,494.1,776.4055,494.3848
816.7953,494.1,776.9794,493.3782
818.6191,494.1,773.6857,492.0948
820.3991,494.1,765.5922,490.7787
822.1365,494.1,742.8976,487.1703
823.8322,494.1,731.6837,484.4424
825.4869,494.1,721.4324,480.0583
827.1007,494.1,722.024,479.5228
828.744,494.1,723.4272,478.7876
830.2101,494.1,724.6702,478.5233
831.7265,494.1,725.8145,478.3977
833.1693,494.1,726.7579,478.7372
834.591,494.1,727.1523,479.5972
836.0511,494.1,727.616,479.8401
837.4642,494.1,728.9356,479.4494
838.7166,494.1,729.296,478.7332
840.0374,494.1,730.3525,477.6088
841.3578,494.1,731.2619,477.7035
842.5703,494.1,732.973,479.2434
843.7508,494.1,733.8932,479.8122
844.9,494.1,738.6716,478.9075
846.0183,494.1,742.7479,477.7132
847.1068,494.1,750.4426,477.4827
848.1715,494.1,752.8441,479.1669
849.1956,494.1,755.3613,482.6987
850.1997,494.1,756.4016,484.1023
851.1716,494.1,757.4067,485.7386
852.1468,494.1,758.0626,485.4716
853.039,494.1,757.7236,483.532
853.9333,494.1,755.5167,480.0848
854.8024,494.1,748.0433,468.4
855.647,494.1,745.4213,464.8662
856.4856,494.1,739.4788,456.105
857.279,494.1,736.2861,449.8796
858.0353,494.1,736.2861,449.8796
858.7853,494.1,736.2861,449.8796
859.5251,494.1,736.2861,449.8796
860.2191,494.1,736.2861,449.8796
860.9037,494.1,736.2861,449.8796
861.5676,494.1,732.5206,404.9792
862.2111,494.1,733.7093,396.1979
862.8413,494.1,738.4906,413.6779
863.4395,494.1,740.9956,423.8171
864.0248,494.1,747.384,447.8557
864.5919,494.1,761.6461,475.2906
865.143,494.1,760.8217,477.1322
865.6726,494.1,759.9996,477.066
866.1873,494.1,760.0961,476.6073
866.6837,494.1,760.7125,476.3386
867.1683,494.1,761.5143,476.7435
867.6334,494.1,761.5804,477.2985
868.0829,494.1,762.8999,478.7505
868.5173,494.1,763.3032,478.8836
868.9369,494.1,764.0276,477.1109
869.3477,494.1,764.3061,476.4979
869.7334,494.1,764.8637,475.5149
870.1108,494.1,765.1028,475.2701
870.48,494.1,764.9267,475.6606
870.8266,494.1,764.4769,476.0412
871.1681,494.1,763.9155,477.6245
871.494,494.1,764.8745,478.8088
871.8089,494.1,768.0573,480.399
872.1098,494.1,769.6046,480.2968
872.4016,494.1,771.4158,479.4955
872.6826,494.1,771.3849,478.2894
872.9529,494.1,771.6191,477.245
873.2128,494.1,772.4641,475.8407
873.4628,494.1,772.9949,476.1104
873.703,494.1,774.6172,478.0446
873.9338,494.1,775.9225,478.7914
874.1609,494.1,777.7852,478.73
874.3681,494.1,777.8904,477.6151
874.6099,494.1,777.8777,477.4827
874.8041,494.1,777.1196,478.0757
874.9903,494.1,776.7324,478.1664
875.17,494.1,775.6649,476.1382
875.3456,494.1,775.5057,475.2601
875.5056,494.1,775.916,475.2814
875.662,494.1,775.8342,476.6851
875.8115,494.1,775.3044,479.4007
875.9563,494.1,775.1528,479.543
876.0909,494.1,775.4579,479.1915
876.2213,494.1,775.7625,478.9968
876.3511,494.1,775.3515,478.9719
876.4656,494.1,774.7014,479.1144
876.5775,494.1,773.2272,478.5336
876.6861,494.1,772.498,477.462
876.7886,494.1,772.296,475.3389
876.8857,494.1,772.6658,474.7458
876.9786,494.1,772.477,473.6913
877.0665,494.1,772.108,472.9719
877.1504,494.1,771.47,472.2708
877.2299,494.1,771.3678,472.2496
877.3053,494.1,772.6613,472.9572
877.3768,494.1,773.2932,473.5108
877.4445,494.1,772.3319,472.7284
877.5085,494.1,771.3195,471.5782
877.5692,494.1,769.9363,468.0599
877.6263,494.1,769.9962,466.7008
877.6813,494.1,770.8885,466.2188
877.7324,494.1,771.0427,467.5381
877.7989,494.1,771.1658,468.1066
877.843,494.1,770.9277,467.6945
877.8845,494.1,770.8819,467.3617
877.9234,494.1,770.2385,466.5942
877.9605,494.1,770.4041,466.9879
877.9943,494.1,771.71,470.1564
878.0267,494.1,772.0015,471.8703
878.0565,494.1,775.6414,474.7951
878.0847,494.1,779.4651,475.6242
878.111,494.1,787.0619,478.3293
878.1352,494.1,790.1763,479.1591
878.158,494.1,790.0039,477.1284
878.1791,494.1,788.6563,475.7609
878.1993,494.1,788.2917,474.5527
878.2176,494.1,788.3177,474.7842
878.2339,494.1,788.9151,475.6767
878.2495,494.1,788.9456,476.0309
878.264,494.1,788.0003,478.7197
878.2772,494.1,787.7634,480.1293
878.2895,494.1,788.6649,481.4504
878.301,494.1,789.4775,482.5777
878.3112,494.1,790.907,484.9449
878.3204,494.1,790.9958,485.7649
878.329,494.1,790.5668,485.544
878.337,494.1,790.5444,484.473
878.3441,494.1,790.231,483.866
878.3505,494.1,789.3405,486.1451
878.3564,494.1,789.3788,487.8347
878.3617,494.1,787.4784,489.5645
878.3664,494.1,786.3276,488.8444
878.3707,494.1,785.36,487.1424
878.3745,494.1,785.3556,486.2854
878.3779,494.1,785.3552,482.7143
878.381,494.1,785.4863,478.2598
878.3837,494.1,785.4277,475.5641
878.3862,494.1,785.394,474.184
878.3882,494.1,784.1656,474.5743
878.3901,494.1,782.3408,476.3594
878.3917,494.1,775.227,483.4792
878.393,494.1,767.8012,480.9259
878.3943,494.1,765.4708,472.5784
878.3953,494.1,763.8537,462.1035
878.3962,494.1,770.0734,416.4849
878.3969,494.1,800.2424,376.0128
878.3975,494.1,774.3431,429.9979
878.398,494.1,773.632,433.108
878.3984,494.1,768.0945,451.5698
878.3987,494.1,765.5205,456.7329
878.399,494.1,763.5543,457.616
878.3993,494.1,761.2637,461.1491
878.3994,494.1,760.889,463.7808
878.3996,494.1,760.946,465.8195
878.3997,494.1,761.5632,466.3747
878.3998,494.1,761.274,466.6825
878.3998,494.1,761.3038,468.3012
878.3998,494.1,763.8621,472.5584
878.3999,494.1,763.1188,474.3411
878.3999,494.1,758.5079,476.3439
878.3999,494.1,756.5246,476.5157
878.3999,494.1,754.2183,477.7356
878.3999,494.1,764.8527,473.2014
878.3999,494.1,768.3093,471.9123
878.3999,494.1,768.2098,472.2663
878.3999,494.1,766.5251,472.863
878.3999,494.1,763.8256,475.1014
878.3999,494.1,763.5739,476.52
878.3999,494.1,764.5868,472.3209
878.3999,494.1,765.9545,467.5942
878.3999,494.1,770.108,464.1834
878.3999,494.1,770.9232,464.6051
878.3999,494.1,770.4603,470.7907
878.3999,494.1,770.2615,475.8268
878.3999,494.1,770.8842,477.9433
878.3999,494.1,771.3567,479.7344
878.3999,494.1,771.323,479.4757
878.3999,494.1,771.3065,478.7964
878.3999,494.1,770.8351,478.1228
878.3999,494.1,770.8789,478.8141
878.3998,494.0999,771.9587,480.537
878.3998,494.0999,775.1284,485.8465
878.3998,494.0999,777.9589,489.3084
878.3998,494.0999,781.976,492.2255
878.3997,494.0999,782.5896,493.2936
878.3997,494.0999,782.7584,495.8379
878.3996,494.0998,782.9529,498.2675
878.3995,494.0997,783.8671,500.1966
878.3994,494.0997,784.2324,500.0734
878.3992,494.0996,785.4357,499.9164
878.399,494.0995,787.1543,500.371
878.3989,494.0994,790.1852,502.0732
878.3986,494.0992,791.0978,503.6299
878.3983,494.0991,791.4306,505.9844
878.3979,494.0989,790.6898,507.0255
878.3976,494.0987,789.7399,506.0683
878.3971,494.0984,788.7283,503.5758
878.3965,494.0981,787.3592,498.108
878.3959,494.0977,787.8583,497.4122
878.3952,494.0974,787.0714,497.2144
878.3944,494.0969,785.619,497.9443
878.3936,494.0964,782.1721,501.0878
878.3925,494.0958,780.0562,501.3174
878.3914,494.0952,780.3348,497.4864
878.3901,494.0945,780.07,496.1037
878.3886,494.0936,779.6023,496.2606
878.387,494.0927,779.2407,495.2379
878.3853,494.0917,784.1819,491.4152
878.3833,494.0906,786.225,489.4257
878.3811,494.0894,784.972,488.8263
878.3787,494.088,783.8987,489.4367
878.3761,494.0866,782.5174,492.5367
878.3732,494.085,782.8334,494.2871
878.3701,494.0832,785.1385,495.8647
878.3666,494.0812,785.8635,494.9802
878.3629,494.0791,785.9434,494.8576
878.3586,494.0768,785.4356,494.6496
878.3543,494.0743,784.1639,494.0769
878.3495,494.0717,784.1273,494.0684
878.3443,494.0687,783.7191,493.5957
878.3385,494.0654,783.6962,493.4465
878.3326,494.0621,783.7002,493.7634
878.326,494.0584,785.0822,492.9901
878.319,494.0545,787.6232,493.3943
878.3115,494.0502,788.8847,494.4852
878.3033,494.0456,792.9319,487.3933
878.2946,494.0407,793.5007,486.6676
878.2851,494.0354,793.2832,487.0295
878.2753,494.0299,790.4105,493.0827
878.2646,494.0239,789.9213,495.8222
878.2532,494.0175,790.0844,500.6363
878.241,494.0106,790.5071,503.0331
878.2279,494.0032,790.6303,507.7349
878.2144,493.9956,790.4181,509.1557
878.1983,493.9866,789.8777,508.6014
878.1826,493.9777,792.772,507.5755
878.1659,493.9684,795.5537,508.9181
878.1484,493.9585,797.8627,510.7818
878.1298,493.948,799.0059,515.9777
878.11,493.9369,798.9023,518.6929
878.0892,493.9252,798.0364,520.4194
878.0671,493.9128,799.0865,521.1204
878.0438,493.8997,798.7582,522.0203
878.0192,493.8859,797.6924,522.2435
877.9933,493.8713,795.4712,522.3741
877.966,493.8559,794.6266,522.3172
877.9373,493.8398,793.9199,522.8245
877.9055,493.8218,793.5972,522.5807
877.8752,493.8048,792.866,522.0155
877.8403,493.7852,792.4532,520.7347
877.8036,493.7646,791.6291,518.1082
877.7666,493.7437,789.8765,518.8248
877.7278,493.7219,788.8323,521.0393
877.6851,493.6979,787.8825,524.8555
877.6444,493.675,787.3525,525.2068
877.5997,493.6499,785.3049,524.2745
877.553,493.6236,788.4887,522.1623
877.504,493.596,793.2484,521.8069
877.4482,493.5647,791.5151,523.9697
877.3945,493.5345,784.2971,527.7111
877.3385,493.5029,781.3273,528.3674
877.2798,493.4699,780.7856,519.1923
877.2183,493.4353,779.2128,507.0154
877.155,493.3997,773.5408,486.4538
877.0885,493.3623,769.9,473.8834
877.0192,493.3234,724.4698,360.9253
876.9466,493.2825,724.4698,360.9253
876.8715,493.2402,724.4698,360.9253
876.7935,493.1964,724.4698,360.9253
876.7121,493.1506,724.4698,360.9253
876.6274,493.103,724.4698,360.9253
876.5393,493.0534,724.4698,360.9253
876.4478,493.0019,724.4698,360.9253
876.3527,492.9484,724.4698,360.9253
876.2359,492.8827,724.4698,360.9253
876.1326,492.8246,724.4698,360.9253
876.0229,492.7629,775.8256,511.6151
875.9144,492.7018,777.0139,510.2718
875.7941,492.6342,777.318,510.7443
875.6734,492.5663,778.7073,515.2409
875.5496,492.4967,774.4991,513.6931
875.419,492.4232,771.5723,512.0569
875.2857,492.3482,771.9437,512.0959
875.1462,492.2698,774.3163,511.0165
875.005,492.1903,780.7027,507.3671
874.8572,492.1072,780.9978,506.6605
874.6981,492.0177,780.928,506.5528
874.5462,491.9323,781.7807,507.3039
874.3827,491.8403,784.4435,510.9607
874.2129,491.7448,784.4293,511.7492
874.0333,491.6438,789.9985,513.7632
873.8586,491.5455,794.9644,514.3516
873.6723,491.4407,804.2934,514.649
873.4799,491.3325,804.2944,514.9811
873.2759,491.2177,804.2967,515.7557
873.0763,491.1054,803.4232,517.9988
872.8593,490.9834,802.7239,519.7239
872.6467,490.8638,803.703,518.4739
872.4217,490.7372,805.5573,515.5341
872.1896,490.6067,805.181,514.9835
871.9394,490.4659,798.318,516.3033
871.7042,490.3336,794.6975,516.624
871.4502,490.1908,794.8426,513.3773
871.1766,490.0368,795.9707,510.9784
870.9194,489.8922,793.4561,504.8615
870.6298,489.7293,789.7399,500.6323
870.3537,489.574,786.3715,494.6371
870.0598,489.4087,786.3073,492.7506
869.7487,489.2336,783.6211,488.456
869.4276,489.053,781.8883,487.3899
869.1066,488.8725,779.7314,486.0612
868.768,488.682,778.1849,484.9279
868.4379,488.4963,776.0681,481.1117
868.0809,488.2955,774.8757,478.8712
867.7311,488.0988,770.7661,474.7813
867.3549,487.8872,769.2624,473.2684
866.9849,487.679,766.7274,470.6966
866.5964,487.4605,765.7664,469.9366
866.1631,487.2168,764.9799,467.812
865.7272,486.9716,764.4606,467.1885
865.305,486.7341,763.8922,466.77
864.8646,486.4864,764.3943,465.8552
864.4268,486.2401,763.7021,464.8035
863.9702,485.9833,763.2793,464.4998
863.502,485.7199,762.765,465.5287
863.0215,485.4496,762.7741,465.2968
862.529,485.1726,764.4362,462.7577
862.0208,484.8867,766.0956,458.9171
861.5057,484.597,768.0308,457.9157
860.628,484.1033,768.9958,458.3124
860.0595,483.7835,770.3328,458.8904
859.5083,483.4734,770.8116,460.2219
858.9108,483.1373,768.3406,460.0985
858.3192,482.8045,767.5367,459.5023
857.707,482.4602,764.9808,459.301
857.0653,482.0993,764.2766,459.8121
856.4435,481.7495,761.9974,457.6866
855.7889,481.3813,761.3718,456.4115
855.119,481.0045,761.7335,455.5002
854.4183,480.6104,762.6754,456.611
853.7176,480.2162,763.3975,458.7212
853.0005,479.8128,763.0751,459.458
852.2782,479.4065,762.7123,460.8479
851.5148,478.9771,762.5503,461.4314
850.7467,478.5451,762.2903,462.0474
849.9709,478.1087,762.049,462.2139
849.1597,477.6524,761.4689,463.0826
848.3444,477.1938,761.0385,463.5643
847.5035,476.7207,761.2194,463.8341
846.644,476.2373,760.901,462.9966
845.7654,475.7431,760.4142,461.6
844.8676,475.238,760.5012,461.2264
843.9501,474.722,759.3682,460.6105
843.0125,474.1945,758.5462,460.7234
842.055,473.656,757.2448,461.1638
841.0767,473.1057,756.8093,461.2132
840.0769,472.5433,755.576,460.731
839.0565,471.9693,754.8265,459.8208
837.9901,471.3695,754.1848,458.6187
836.9381,470.7777,753.4829,457.494
835.8391,470.1595,752.5837,456.8052
834.7377,469.54,752.0299,456.6909
833.6017,468.901,750.478,456.0201
832.3442,468.1937,749.6533,455.5761
831.1235,467.507,747.7372,455.541
829.8812,466.8082,746.3835,455.1944
828.6852,466.1355,743.6458,454.0509
827.36,465.39,742.5579,453.7055
826.1475,464.7079,740.4541,453.0929
824.8395,463.9722,740.1296,452.9663
823.5068,463.2226,741.3405,452.3015
822.1473,462.4579,742.2737,451.8906
820.7611,461.6782,743.2136,450.9399
819.3216,460.8684,742.3571,450.6398
817.8192,460.0233,740.498,449.909
816.3237,459.1821,739.9466,449.1306
814.8485,458.3523,738.7853,447.5339
813.3207,457.4929,737.7979,447.1406
811.6971,456.5797,734.8326,446.568
810.1761,455.7241,733.3876,446.3724
808.5587,454.8143,731.3329,445.6844
806.8937,453.8777,730.7342,444.5494
805.2147,452.9333,728.7751,442.4242
803.4541,451.943,727.6572,442.1801
801.7672,450.9941,729.4834,442.1533
799.9949,449.9972,732.0773,442.7476
798.19,448.9819,736.3218,443.7258
796.245,447.8878,736.376,443.8547
794.3687,446.8324,734.51,442.8594
792.4467,445.7513,733.4561,442.38
790.4626,444.6353,731.3217,441.4295
788.5217,443.5435,730.449,441.1206
786.5067,442.41,729.0396,440.6116
784.4555,441.2562,729.1219,439.9582
782.3677,440.0819,728.6378,438.0534
780.2435,438.887,727.5997,435.7387
778.0811,437.6707,727.096,408.6325
775.7961,436.3854,728.8766,381.5273
773.4796,435.0822,730.9494,348.0363
771.1992,433.7996,732.5377,331.1383
768.8788,432.4944,737.0853,301.3518
766.5195,431.1673,737.0853,301.3518
764.0511,429.7788,737.0853,301.3518
761.6082,428.4047,737.0853,301.3518
759.0679,426.9757,737.0853,301.3518
756.5985,425.5867,737.0853,301.3518
753.923,424.0817,737.0853,301.3518
751.309,422.6114,692.1326,422.9734
748.6454,421.1131,693.6927,428.6642
745.8571,419.5447,693.282,427.2761
743.2028,418.0516,690.4589,422.4703
740.4065,416.4787,688.1102,418.8108
737.5748,414.8858,683.3129,414.8217
734.691,413.2637,681.1182,414.522
731.6797,411.5699,676.5193,411.438
728.7806,409.9391,674.4386,409.8004
725.7532,408.2362,672.1563,407.8328
722.6777,406.5062,668.8923,406.2993
719.5525,404.7483,664.3713,404.7081
716.293,402.9149,662.2538,402.7938
713.0658,401.0995,658.5198,398.3914
709.787,399.2552,656.4417,396.6123
706.4568,397.382,654.6108,395.1099
702.9965,395.4356,650.7745,394.6591
699.6395,393.5472,648.7116,394.2714
696.0795,391.5448,647.7679,391.2158
692.6068,389.5914,648.9058,388.5206
688.9623,387.5414,651.0247,382.9355
685.3047,385.4839,650.5973,379.1034
681.5847,383.3914,648.7414,377.5902
677.7281,381.2221,646.1255,375.9212
673.8628,379.0478,643.057,372.5898
669.9766,376.8619,641.3825,371.218
666.0326,374.6434,638.3815,369.3022
662.0289,372.3912,637.0118,369.3044
657.9648,370.1053,633.0195,368.4301
653.78,367.7513,627.8961,366.2082
648.936,365.0265,624.8588,364.3902
644.6768,362.6307,618.4318,359.4922
640.3547,360.1996,615.4211,357.5529
635.9688,357.7325,608.9526,353.7846
631.5187,355.2293,606.3258,352.7229
627.0026,352.689,602.4786,351.3704
622.4219,350.1124,600.5145,350.5903
617.7737,347.4978,595.498,348.5841
613.06,344.8463,593.2107,347.2346
608.2762,342.1554,589.8338,343.9021
603.4246,339.4264,588.3634,341.7516
598.5033,336.6581,585.3771,337.2162
593.5134,333.8513,582.7493,335.8059
588.4164,330.9842,576.8622,334.8151
583.3164,328.1155,574.1033,333.2415
578.1061,325.1847,568.3236,328.8442
572.8071,322.204,566.5004,327.232
567.4525,319.192,563.2083,325.3542
561.712,315.963,561.5569,324.9885
556.5198,313.0424,557.2437,322.6108
550.9391,309.9033,554.5789,320.9858
545.2814,306.7209,549.6497,317.9233
539.5118,303.4754,547.1163,317.2849
533.6967,300.2044,541.4286,315.6683
527.8021,296.8887,538.2997,314.218
521.7724,293.497,532.3727,310.0449
515.7717,290.1216,530.098,307.2087
509.5899,286.6443,525.4055,303.4755
503.3704,283.1458,523.1826,303.0626
497.1071,279.6228,520.8583,302.5714
490.719,276.0294,515.9178,300.9602
484.2707,272.4023,513.6921,299.2796
477.885,268.8103,509.8431,294.6403
471.606,265.2784,507.8505,292.2902
465.3987,261.7868,502.4904,288.8882
459.2726,258.3409,498.97,286.9915
453.2288,254.9412,492.535,283.2292
447.2672,251.5878,489.2399,281.4706
441.3487,248.2587,483.9805,276.2314
435.5455,244.9944,480.7797,273.2545
429.7535,241.7363,471.952,269.248
424.1702,238.5958,467.6786,267.4591
418.6089,235.4676,461.5202,264.7056
413.046,232.3384,459.0327,263.3149
407.7,229.3313,454.2285,259.6703
402.3566,226.3256,450.7897,257.3841
397.0893,223.3627,444.7807,253.3388
391.8664,220.4249,441.4875,251.1753
386.5966,217.4606,436.1578,247.3974
381.7197,214.7174,433.6007,245.173
376.7234,211.907,428.3123,241.2303
371.8277,209.1531,425.6586,239.4073
366.9869,206.4301,419.7589,235.9482
362.2145,203.7457,416.6736,234.7261
357.5109,201.0999,410.7922,231.917
352.8728,198.491,407.679,230.38
348.3016,195.9197,402.4475,227.4376
343.5633,193.2544,399.4944,225.0912
339.357,190.8883,394.0646,220.2938
334.9796,188.4261,391.9359,217.9649
330.5137,185.914,388.3169,214.7313
326.2658,183.5245,386.6656,213.4466
322.081,181.1706,383.5468,210.9574
317.9571,178.8509,381.498,208.8529
313.8634,176.5482,376.32,204.0119
309.8918,174.3141,373.5656,201.8186
305.9288,172.0849,368.8395,198.3687
301.9278,169.8344,366.6136,196.8834
298.1217,167.6935,362.2586,194.5397
294.4698,165.6393,359.6671,193.011
290.7581,163.5514,353.909,189.1897
287.0048,161.4402,351.1319,186.9163
283.4045,159.415,347.6906,183.3757
279.8689,157.4263,346.0635,182.2175
276.4673,155.5129,342.5997,181.0821
272.9615,153.5409,340.4307,179.8455
269.5773,151.6373,335.1353,176.5268
266.2439,149.7622,332.5751,174.9082
262.9687,147.9199,329.4907,172.6139
259.7405,146.104,327.7324,171.8986
256.5636,144.317,324.1933,169.5712
253.3799,142.5262,322.5687,168.2504
250.1974,140.7361,319.8831,165.2136
247.1714,139.0339,319.0353,163.3075
244.1523,137.3357,316.7337,160.9855
241.1842,135.6661,314.8231,160.2469
238.3087,134.0487,311.1504,158.0624
235.4881,132.4621,308.8987,156.2277
232.7127,130.9009,302.9083,149.8186
229.95,129.3468,298.649,144.9424
227.2555,127.8312,289.9752,135.2755
224.6047,126.3402,286.4102,131.0439
221.9991,124.8745,283.7806,126.0926
219.3534,123.3863,283.2498,124.9845
216.9042,122.0086,281.4484,123.6143
214.352,120.573,280.1999,123.716
211.9768,119.237,277.5249,124.3425
209.5744,117.8856,276.4041,124.3096
207.1584,116.5266,274.7791,124.129
204.8929,115.2523,274.1278,123.8986
202.5972,113.961,273.4693,122.8613
200.3547,112.6996,273.0618,122.0981
198.1245,111.445,272.3943,123.3406
195.8443,110.1624,271.5671,125.1438
193.7007,108.9567,255.4856,120.1023
191.6289,107.7913,254.2848,118.9891
179.7761,101.1241,251.7477,115.9485
177.9336,100.0876,250.5528,115.0592
176.1243,99.06995,249.0134,114.7564
174.3474,98.07043,248.5739,114.9738
172.6035,97.08945,247.8708,115.1481
170.8909,96.12616,247.8042,115.0228
169.0523,95.09192,247.7672,113.7526
167.3892,94.15642,250.3069,110.9553
165.6319,93.16797,252.5957,109.1393
164.0388,92.2718,256.0998,106.5487
162.4633,91.38564,256.8239,106.5229
160.9527,90.53589,255.6101,106.3055
159.4487,89.68988,254.5324,106.8543
157.997,88.87334,253.8767,106.4284
155.8797,87.68234,252.6016,106.1116
154.426,86.86465,252.3058,106.2461
153.1039,86.12094,250.5257,105.7599
151.7585,85.36414,248.1376,104.8737
150.4396,84.62228,241.8085,101.4557
149.1036,83.87076,238.6045,99.637
147.8792,83.18207,234.4024,96.49786
146.6367,82.48317,233.4491,95.39133
145.4161,81.79654,232.1873,95.08092
144.2224,81.12509,231.8175,95.37869
143.0528,80.46722,230.6225,96.2667
141.907,79.82268,230.133,96.181
140.7789,79.18813,228.76,93.06662
139.679,78.56946,228.2081,91.48395
138.6019,77.96356,227.4364,91.34975
137.5049,77.34656,227.3587,92.59374
136.4725,76.76581,228.0334,93.34042
135.4547,76.19328,227.9942,91.71169
134.465,75.63657,226.6328,87.87418
133.4962,75.09158,225.5597,86.74104
132.548,74.55826,224.0494,85.58766
131.6033,74.02689,223.4416,85.09521
130.7115,73.52524,223.0573,84.00184
129.7653,72.99295,223.1035,83.94098
128.8968,72.50446,222.6511,84.61016
128.0471,72.02654,221.4888,85.0227
127.2163,71.55919,216.2339,85.0067
126.3999,71.09998,213.4054,84.35123
125.6087,70.65491,208.091,81.5504
124.8316,70.21777,206.9927,80.13752
124.0598,69.78366,206.0784,79.00963
123.309,69.36133,205.6403,79.46978
122.5916,68.95776,205.0817,81.21453
121.8824,68.55884,204.4433,81.24049
121.1893,68.16899,203.7418,80.39692
120.5121,67.78809,203.4618,80.12215
119.8506,67.41599,202.4247,79.54871
119.2045,67.05255,201.8469,79.54072
118.5734,66.69757,200.872,79.96805
117.9574,66.35104,200.6102,80.40111
117.3557,66.01257,200.2683,81.05406
116.7682,65.68213,199.7971,80.69414
116.1952,65.3598,198.3806,78.35422
115.6169,65.03452,197.6153,77.67604
115.0535,64.71762,197.0453,77.46432
114.5217,64.41847,196.9894,78.09303
114.0031,64.12672,196.5173,79.39265
113.4832,63.83434,196.2627,78.87569
112.9902,63.55701,195.6932,76.43462
112.5029,63.28291,195.5855,75.35212
112.041,63.02309,194.8958,73.0355
111.5843,62.76616,194.5549,72.2707
111.0945,62.49069,194.9585,72.67921
110.6298,62.22928,195.3243,74.12691
110.156,61.96277,195.4126,75.26946
109.7382,61.72772,195.2693,76.64628
109.3037,61.48337,194.9132,77.01411
108.918,61.26637,194.1893,77.68082
108.5345,61.05064,193.7683,77.68585
108.1691,60.84515,193.9759,77.34786
107.8105,60.64345,194.3032,76.892
107.4677,60.45061,194.1516,75.64136
107.1312,60.26132,193.832,75.75249
106.7928,60.07098,192.6284,77.10044
106.486,59.89836,192.21,78.01733
106.1766,59.72435,192.542,77.79944
105.876,59.55525,193.2076,76.80937
105.5839,59.39093,193.9658,75.93288
105.3001,59.23131,194.0761,75.95887
105.0244,59.07623,193.5776,75.63219
104.7567,58.92563,193.3892,75.22832
104.4967,58.7794,192.9923,74.64386
104.2444,58.63745,192.5574,74.81628
103.9946,58.49698,192.0971,70.01854
103.751,58.35995,191.9779,65.21861
103.5257,58.23318,192.9405,54.6807
103.3022,58.10751,193.2203,50.07936
103.0856,57.98567,193.8593,42.95087
102.8756,57.86755,193.8593,42.95087
102.6721,57.7531,193.8593,42.95087
102.4725,57.64081,193.8593,42.95087
102.284,57.53477,193.8593,42.95087
102.0963,57.42914,193.8593,42.95087
101.92,57.33002,193.8593,42.95087
101.7466,57.2325,193.8593,42.95087
101.5789,57.13815,172.0073,-35.05021
101.4153,57.04611,198.6429,45.68058
101.2563,56.95668,198.8102,47.6577
101.1047,56.87141,200.2322,48.46128
100.9582,56.789,200.7228,43.92238
100.8147,56.70828,202.0101,35.4401
100.6784,56.63164,202.2238,34.24264
100.5464,56.55733,200.2607,36.89751
100.4203,56.48643,198.6457,37.8689
100.2965,56.41678,198.6415,38.2687
100.1786,56.35045,199.2119,37.87178
100.0641,56.28604,197.607,39.91205
99.95367,56.22394,195.5428,42.62148
99.84399,56.16225,192.1347,49.45694
99.74475,56.10643,192.4475,52.13522
99.64603,56.0509,194.7754,53.62375
99.54834,55.99596,195.4752,53.48439
99.45944,55.94595,195.1838,52.68614
99.3714,55.89642,194.3621,52.78938
99.28671,55.84879,191.5602,51.69127
99.20197,55.80112,190.4517,50.38002
99.11844,55.75412,190.0038,49.83038
99.04361,55.71204,190.0535,49.51189
98.9718,55.67165,190.7373,50.20672
98.90286,55.63287,189.343,52.62037
98.83417,55.59424,188.1219,53.36158
98.76917,55.55766,186.8853,53.15984
98.70648,55.5224,186.8543,51.73551
98.6467,55.48878,187.7585,49.11777
98.59094,55.4574,188.1163,48.81459
98.53815,55.42772,188.509,50.38889
98.48737,55.39914,189.182,51.77078
98.43719,55.37094,189.8447,54.31408
98.3924,55.34573,189.4846,55.53886
98.34689,55.32014,188.0003,57.96331
98.30573,55.29698,187.6204,59.01437
98.26453,55.2738,187.8917,59.49235
98.22681,55.25259,187.8062,59.14045
98.18976,55.23175,188.0309,58.21776
98.15512,55.21227,188.1929,58.10437
98.12122,55.19319,188.1069,58.19247
98.08951,55.17535,188.7447,58.78567
98.06003,55.15878,188.9732,58.61921
98.0289,55.14127,188.9308,57.99812
98.00183,55.12604,188.5021,58.46367
97.97577,55.11137,188.426,59.11879
97.95081,55.09732,189.1452,59.36176
97.92841,55.08472,189.4586,58.82752
97.90503,55.07158,189.5107,58.5176
97.88446,55.06001,189.3061,59.13515
97.86487,55.04901,189.0476,59.53604
97.84656,55.0387,189.1309,59.09755
97.82852,55.02855,188.8863,58.14564
97.81223,55.01938,188.6817,58.84941
97.79688,55.01076,188.1073,62.26588
97.78223,55.00252,187.9712,63.70255
97.76831,54.99467,187.8161,63.8752
97.75607,54.98779,187.451,63.17846
97.74365,54.9808,187.1969,60.73281
97.73242,54.9745,186.7136,59.36012
97.72195,54.9686,185.8052,58.6069
97.71213,54.96307,185.7401,58.97926
97.70294,54.95792,185.0838,61.40975
97.69415,54.95297,185.0747,61.80596
97.68613,54.94846,184.8489,60.70781
97.67853,54.94417,184.9166,61.14967
97.67151,54.94023,186.4785,64.11012
97.66522,54.93671,187.0165,65.27234
97.65887,54.93312,187.8996,65.67345
97.65341,54.93005,188.2048,65.50202
97.64832,54.92719,188.5916,66.10802
97.64362,54.92455,188.562,66.08373
97.63937,54.92215,187.8217,64.23132
97.63522,54.91983,187.5374,62.71517
97.63162,54.9178,187.9907,61.38547
97.62827,54.91591,189.223,61.14689
97.62531,54.91425,189.4751,61.10402
97.62244,54.91263,189.0155,61.50144
97.61987,54.91118,188.2727,61.64811
97.61758,54.9099,187.3128,61.72592
97.61554,54.90875,187.0921,61.55946
97.61368,54.9077,186.4187,61.17091
97.612,54.90675,186.3548,61.28089
97.61047,54.90591,186.8897,62.10976
97.60913,54.90515,187.3991,62.42887
97.60791,54.90446,188.331,62.45754
97.60675,54.90379,187.848,61.73338
97.60577,54.90326,186.9454,61.55321
97.60492,54.90277,187.011,61.91683
97.60419,54.90237,187.349,61.07002
97.60355,54.90199,187.7396,60.28713
97.60297,54.90169,188.0823,59.27668
97.60248,54.90141,188.0757,59.83529
97.60205,54.90117,188.1824,61.00019
97.60172,54.90097,188.3807,61.5519
97.60138,54.90079,189.3821,62.33696
97.60114,54.90063,189.6393,61.97949
97.60089,54.90051,190.3066,60.99993
97.60071,54.90041,190.5147,60.8567
97.60056,54.90033,189.9849,61.07025
97.60043,54.90025,189.5457,61.25952
97.60034,54.90019,188.4223,61.80596
97.60025,54.90015,187.9074,62.19677
97.60016,54.9001,187.2825,62.27053
97.60013,54.90007,187.1894,61.57134
97.6001,54.90005,187.395,59.89281
97.60004,54.90004,187.6239,59.3987
97.60004,54.90002,187.6498,59.21244
97.60001,54.90001,187.4306,59.52854
97.60001,54.90001,187.1794,60.13879
97.59998,54.89999,186.8984,60.25251
97.59998,54.89999,186.7801,59.96045
97.59998,54.89999,187.2202,59.60505
97.59998,54.89999,188.056,58.47156
97.59998,54.89999,188.2909,58.66129
97.59998,54.89999,188.2642,59.66209
97.59998,54.89999,187.9388,59.89557
97.59998,54.89999,187.6091,60.48147
97.59998,54.89999,187.9946,61.34804
97.59998,54.89999,188.2527,63.1352
97.59998,54.89999,188.5842,63.56656
97.59998,54.89999,188.8261,62.81808
97.59998,54.89999,189.0185,61.5804
97.59998,54.89999,189.1351,60.77499
97.59998,54.89999,188.8099,60.5031
97.59998,54.89999,188.7155,58.97523
97.59998,54.89999,188.8365,57.62273
97.59998,54.89999,188.6747,55.86652
97.60001,54.89999,188.0535,55.71589
97.60004,54.89999,187.3049,54.8436
97.60004,54.89999,188.0078,55.41082
97.6001,54.89999,189.915,57.26595
97.60016,54.89999,190.1108,57.77708
97.60022,54.89999,189.2074,57.42439
97.60034,54.89999,188.3393,56.7342
97.60046,54.89999,187.2999,56.51515
97.60065,54.89999,187.62,57.62476
97.60089,54.89999,188.8054,59.93231
97.60117,54.89999,188.9968,60.24828
97.6015,54.89999,188.922,59.83853
97.60193,54.89999,188.5091,59.7094
97.60245,54.89999,188.4435,60.44973
97.60355,54.89999,188.2199,61.32867
97.60437,54.89999,187.9294,61.49663
97.60532,54.89999,187.7356,61.31963
97.60645,54.89999,187.1927,61.20144
97.60782,54.89999,186.7054,61.19578
97.60931,54.89999,185.9514,60.70202
97.61108,54.89999,185.5845,60.16
97.61307,54.89999,186.7178,59.50508
97.61536,54.89999,187.5154,59.48083
97.61798,54.89999,188.5532,59.27933
97.62082,54.89999,190.0636,61.07267
97.62411,54.89999,189.9873,62.16379
97.62778,54.89999,188.519,62.31297
97.6319,54.89999,187.4048,62.27907
97.63647,54.89999,187.5014,62.33578
97.64188,54.89999,187.8985,63.53341
97.64755,54.89999,187.5052,64.02451
97.65384,54.89999,186.0248,63.38095
97.66083,54.89999,185.8287,62.7799
97.66846,54.89999,186.2671,62.008
97.67682,54.89999,186.6258,61.61964
97.68683,54.89999,187.0932,60.16939
97.69714,54.89999,187.0387,59.12981
97.70795,54.89999,187.3625,58.44839
97.71997,54.89999,187.9181,58.91106
97.73456,54.89999,188.8537,61.72167
97.75015,54.89999,188.8273,62.28719
97.76575,54.89999,188.1803,61.04237
97.78259,54.89999,188.1182,58.80772
97.8009,54.89999,187.9013,57.89374
97.82236,54.89999,187.9327,56.78446
97.84711,54.89999,188.1926,56.27506
97.87024,54.89999,188.1227,55.7726
97.89548,54.89999,187.8428,55.39524
97.92175,54.89999,187.1245,54.91434
97.95065,54.89999,186.6238,54.68136
97.9808,54.89999,185.7516,53.95154
98.01343,54.89999,185.8215,53.57143
98.04825,54.89999,186.5446,54.04971
98.08536,54.89999,186.9695,54.81271
98.12732,54.89999,187.5205,56.01498
98.16956,54.89999,187.3931,56.38721
98.21692,54.89999,186.4879,56.44195
98.26477,54.89999,186.1659,56.93034
98.31549,54.89999,186.0264,58.1944
98.36957,54.89999,186.2043,57.88552
98.43109,54.89999,187.476,57.52803
98.4917,54.89999,187.876,57.34848
98.55594,54.89999,187.8891,56.69758
98.62738,54.89999,187.4505,56.09712
98.69998,54.89999,186.6087,54.55456
98.77481,54.89999,185.5739,53.94513
98.86942,54.89999,183.0285,57.197
98.95428,54.89999,181.6114,58.63688
99.16925,54.89999,181.1707,58.85955
99.27081,54.89999,181.4568,58.18922
99.37521,54.89999,181.9356,58.35078
99.48666,54.89999,182.7687,59.21529
99.6022,54.89999,182.9832,58.92739
99.72412,54.89999,182.9239,57.99567
99.85565,54.89999,183.1251,58.05716
99.99295,54.89999,183.7954,58.69951
100.1419,54.89999,184.2233,58.97929
100.2961,54.89999,184.5714,58.73642
100.4506,54.89999,184.547,58.52706
100.612,54.89999,183.77,58.91833
100.7915,54.89999,183.0857,58.82487
100.9682,54.89999,183.036,56.92746
101.1525,54.89999,184.4505,55.5618
101.354,54.89999,185.2607,55.04688
101.5587,54.89999,186.827,57.83798
101.7703,54.89999,187.2779,58.58308
101.9868,54.89999,188.5063,60.83962
102.2143,54.89999,189.1747,62.15374
102.4751,54.89999,188.4586,62.36625
102.7447,54.89999,187.3009,61.56224
103.003,54.89999,184.4472,56.78384
103.2715,54.89999,183.7011,53.55732
103.5507,54.89999,184.9121,49.5251
103.8407,54.89999,185.8899,49.23429
104.1419,54.89999,188.3161,52.98117
104.4608,54.89999,188.793,56.32755
104.809,54.89999,188.9574,60.41713
105.1653,54.89999,188.8975,62.0273
105.5165,54.89999,188.4697,61.59948
105.8886,54.89999,188.5009,60.8263
106.265,54.89999,188.9243,60.25601
106.6487,54.89999,189.1991,60.47368
107.061,54.89999,189.873,61.53979
107.4729,54.89999,190.1052,61.56473
107.9069,54.89999,190.8457,60.57437
108.3621,54.89999,191.5167,60.34658
108.8314,54.89999,192.1516,57.8762
109.3124,54.89999,191.1951,52.1361
109.8097,54.89999,187.4486,39.5537
110.3238,54.89999,183.8506,21.90769
110.8636,54.89999,146.6432,-24.89405
111.4065,54.89999,146.6432,-24.89405
111.9735,54.89999,146.6432,-24.89405
112.5589,54.89999,146.6432,-24.89405
113.1632,54.89999,146.6432,-24.89405
113.787,54.89999,146.6432,-24.89405
114.4305,54.89999,146.6432,-24.89405
115.1156,54.89999,146.6432,-24.89405
115.779,54.89999,146.6432,-24.89405
116.4849,54.89999,123.5039,-60.80886
117.2126,54.89999,165.9048,-10.31329
117.9625,54.89999,173.3543,1.27469
118.7702,54.89999,187.6373,26.89048
119.5972,54.89999,194.2151,41.1781
120.3881,54.89999,200.3588,54.63734
121.2333,54.89999,205.1646,58.99078
122.1034,54.89999,208.316,56.99196
122.9989,54.89999,208.7861,55.8942
123.9205,54.89999,208.6814,56.95174
124.9231,54.89999,208.7917,58.33563
125.9012,54.89999,210.6346,57.73683
126.9044,54.89999,210.7861,57.06545
127.9425,54.89999,212.0124,56.08242
129.0045,54.89999,213.176,56.9114
130.0959,54.89999,215.1662,59.72544
131.2828,54.89999,215.4623,61.28832
132.4828,54.89999,215.586,61.33763
133.7079,54.89999,215.6538,60.11945
134.9278,54.89999,216.3969,58.5909
136.3162,54.89999,216.9857,58.30209
137.606,54.89999,218.3862,58.36243
138.9935,54.89999,219.3107,58.40196
140.3008,54.89999,221.9928,58.82261
141.6952,54.89999,223.5409,59.19081
143.1259,54.89999,224.647,57.87423
144.5933,54.89999,224.6456,56.8827
146.0989,54.89999,224.5851,55.21589
147.642,54.89999,225.1495,55.03575
149.2381,54.89999,226.9851,57.36713
150.9343,54.89999,227.4918,59.36028
152.6073,54.89999,227.4531,63.35638
154.377,54.89999,227.4985,63.73652
156.0541,54.89999,227.9146,62.81108
157.8455,54.89999,228.2459,62.35482
159.9067,54.89999,229.7089,62.22243
161.835,54.89999,230.875,62.45781
163.7662,54.89999,231.4957,62.16107
165.857,54.89999,231.6509,62.0576
167.8842,54.89999,231.6406,62.9173
170.0039,54.89999,234.149,65.73618
172.1286,54.89999,236.1623,66.73397
174.4023,54.89999,240.3858,65.97411
176.6293,54.89999,242.2165,64.38434
179.2089,54.89999,245.1357,62.36791
181.7039,54.89999,246.1145,61.84575
184.0983,54.89999,248.0871,60.99705
186.5473,54.89999,249.1457,60.79515
189.0505,54.89999,250.6827,61.62114
191.6104,54.89999,251.499,62.22832
194.2425,54.89999,253.478,63.1106
196.9177,54.89999,254.6582,63.43177
199.6517,54.89999,257.8195,63.44489
202.4455,54.89999,261.3028,63.82765
205.5086,54.89999,263.2194,62.90575
208.79,54.89999,265.2917,59.83126
211.7825,54.89999,265.9997,57.84537
214.838,54.89999,267.1621,54.30698
218.0087,54.89999,267.7616,53.41511
221.1975,54.89999,269.3655,55.54806
224.452,54.89999,270.828,57.47911
227.7754,54.89999,274.5535,61.24941
231.1682,54.89999,276.0164,61.80803
234.6315,54.89999,277.711,61.81722
238.166,54.89999,278.2357,61.27811
241.774,54.89999,280.6576,61.20092
245.4539,54.89999,282.5356,61.15524
249.3609,54.89999,286.3803,60.58311
253.1576,54.89999,287.8461,60.57133
257.069,54.89999,290.2952,59.5275
261.058,54.89999,291.4808,59.89988
265.1297,54.89999,294.5199,60.25712
269.2759,54.89999,295.979,60.81662
273.5082,54.89999,299.5558,63.23079
277.8211,54.89999,302.0045,63.98227
282.4626,54.89999,307.1783,65.55686
287.2488,54.89999,309.3188,66.54974
291.83,54.89999,313.2443,68.76604
296.4992,54.89999,314.3443,69.97263
301.2577,54.89999,317.5939,70.58648
306.107,54.89999,319.3001,70.29531
311.0491,54.89999,322.6685,70.70084
316.1277,54.89999,325.4122,71.21024
321.2582,54.89999,331.0648,71.37114
326.4834,54.89999,333.8874,70.83442
331.8661,54.89999,337.8547,69.04235
337.228,54.89999,339.3581,68.42542
342.7986,54.89999,342.8359,67.96236
348.7029,54.89999,345.9594,67.36736
354.4343,54.89999,356.6341,67.68964
360.2699,54.89999,362.8267,69.23904
366.4461,54.89999,373.4571,73.32617
372.4988,54.89999,376.6721,74.43536
378.6595,54.89999,379.3881,73.74948
384.9305,54.89999,381.1578,73.0155
391.3129,54.89999,385.1311,72.99453
398.2838,54.89999,388.0175,73.66499
404.9018,54.89999,394.917,75.14907
411.6364,54.89999,398.7269,76.1877
418.5161,54.89999,406.0648,76.48125
426.1311,54.89999,413.8891,76.15583
433.3045,54.89999,417.4172,75.5907
441.1127,54.89999,423.5347,74.14791
448.4731,54.89999,425.8821,73.30304
456.4446,54.89999,430.7341,72.8708
464.4864,54.89999,433.9867,72.95965
472.2438,54.89999,440.9378,72.64236
480.1324,54.89999,444.5149,72.77541
488.1524,54.89999,452.8344,72.51838
496.3411,54.89999,456.636,72.18048
504.0506,54.89999,463.2893,71.47929
511.8032,54.89999,466.7916,71.40413
519.4269,54.89999,473.7158,71.13924
526.9227,54.89999,477.2795,70.63667
534.2936,54.89999,484.0305,69.19457
541.8569,54.89999,486.5655,68.35539
548.7213,54.89999,492.3662,68.92572
555.7407,54.89999,495.4242,69.1503
562.6049,54.89999,501.5424,69.6456
569.3683,54.89999,504.8984,70.19865
576.0413,54.89999,511.2107,69.91677
582.5759,54.89999,517.5524,68.90167
589.0233,54.89999,523.4654,67.26585
599.275,54.89999,530.1923,66.98669
605.5014,54.89999,548.8582,68.11743
611.4206,54.89999,559.0447,69.32976
617.3973,54.89999,575.6634,71.3522
623.2032,54.89999,580.481,71.58038
629.0701,54.89999,586.712,69.69595
634.5357,54.89999,590.1339,68.64044
640.4298,54.89999,595.9998,67.00456
645.8488,54.89999,598.9068,66.00978
651.1149,54.89999,604.3265,64.98696
656.3105,54.89999,607.8248,64.70763
661.6218,54.89999,613.4056,64.95025
667.0527,54.89999,615.7393,64.90453
671.9549,54.89999,619.3574,63.53534
676.7654,54.89999,621.02,62.45754
681.4858,54.89999,624.7463,61.17873
686.1176,54.89999,626.663,61.12241
690.6627,54.89999,631.0617,61.19646
695.1437,54.89999,633.1512,60.39367
699.5162,54.89999,637.3229,57.97797
703.8047,54.89999,639.6069,56.87766
708.0104,54.89999,643.8481,56.44873
712.1348,54.89999,646.4178,56.64375
716.2068,54.89999,651.989,55.96236
720.3155,54.89999,654.9034,56.08082
724.1993,54.89999,659.3085,56.97144
728.0065,54.89999,661.1718,57.53473
731.8609,54.89999,664.3494,57.69465
735.5172,54.89999,666.0505,57.35548
739.0984,54.89999,670.4879,55.79747
742.6664,54.89999,672.8983,54.90993
746.1034,54.89999,676.5312,53.66848
749.4702,54.89999,678.3595,53.30938
752.8063,54.89999,681.0814,54.73021
756.0359,54.89999,682.1493,56.17899
759.1982,54.89999,684.2477,57.77391
762.2951,54.89999,685.4805,58.00601
765.3276,54.89999,689.2849,57.35796
768.4509,54.89999,691.3271,57.01732
771.3535,54.89999,694.5977,57.13496
774.1956,54.89999,696.1666,57.12884
776.9745,54.89999,697.9631,57.12838
779.7842,54.89999,698.3954,57.58202
782.4162,54.89999,699.7201,58.11795
785.0313,54.89999,701.0526,57.45361
787.5651,54.89999,704.9119,55.62378
790.0684,54.89999,706.7897,55.10368
792.6482,54.89999,709.3854,54.98002
795.0261,54.89999,710.679,54.99609
797.3511,54.89999,713.4451,55.3421
799.6235,54.89999,714.9377,55.61903
801.8464,54.89999,717.0559,56.70687
804.0174,54.89999,718.3194,57.18136
806.9151,54.89999,719.4628,55.95274
808.9818,54.89999,721.7073,53.56577
811.0375,54.89999,722.5766,53.539
813.0984,54.89999,723.4241,55.17469
815.0094,54.89999,723.5435,56.76427
816.8753,54.89999,724.0742,57.59311
818.6973,54.89999,724.8672,56.73093
820.5074,54.89999,727.3638,55.11297
822.2522,54.89999,729.0126,54.12664
823.9453,54.89999,731.7064,54.01947
825.6012,54.89999,732.2426,54.5217
827.2811,54.89999,732.8851,55.89954
828.8696,54.89999,733.3101,56.5697
830.4003,54.89999,735.0898,57.76949
831.8931,54.89999,736.4301,58.72771
833.3484,54.89999,741.6078,58.82821
834.7669,54.89999,747.8083,58.57277
836.1974,54.89999,750.4559,58.52391
837.621,54.89999,754.1675,59.63859
838.9306,54.89999,754.7151,56.94926
840.2065,54.89999,751.9878,41.08537
841.449,54.89999,751.0529,36.20565
842.8023,54.89999,746.4581,21.34881
843.9766,54.89999,742.9128,5.079485
845.1199,54.89999,742.9128,5.079485
846.2645,54.89999,742.9128,5.079485
847.3148,54.89999,742.9128,5.079485
848.3682,54.89999,742.9128,5.079485
849.3925,54.89999,838.8922,-186.5323
850.3891,54.89999,838.8922,-186.5323
851.3577,54.89999,805.3389,-88.76964
852.2994,54.89999,763.1758,-3.18715
853.2148,54.89999,745.1377,47.88768
854.1555,54.89999,741.1497,61.78289
855.0195,54.89999,742.5206,60.91236
855.8723,54.89999,742.5941,60.81321
856.67,54.89999,742.9649,61.94811
857.4601,54.89999,743.1514,61.63319
858.2781,54.89999,748.8925,58.4388
859.0693,54.89999,752.9923,57.20806
859.7886,54.89999,760.3375,56.45452
860.4863,54.89999,762.715,56.68472
861.1742,54.89999,763.9833,55.68265
861.83,54.89999,764.5477,55.44053
862.4686,54.89999,765.8834,57.53284
863.0846,54.89999,766.9088,59.09876
863.678,54.89999,768.5694,61.60711
864.2565,54.89999,769.3222,61.59006
864.8157,54.89999,768.9747,61.7397
865.3575,54.89999,768.6438,61.85518
865.8819,54.89999,768.1638,59.9488
866.4042,54.89999,767.9107,58.67461
866.8799,54.89999,768.5234,57.60296
867.3545,54.89999,768.9238,57.82574
867.8134,54.89999,770.1722,58.54548
868.2568,54.89999,770.7562,58.60867
868.7048,54.89999,771.2227,59.21234
869.118,54.89999,771.5533,59.81562
869.5206,54.89999,772.071,59.98274
869.9056,54.89999,772.4496,60.15768
870.2772,54.89999,773.1691,60.64741
870.6356,54.89999,773.3689,60.99885
870.9813,54.89999,774.2773,61.96814
871.3199,54.89999,774.4521,62.24939
871.6357,54.89999,774.5674,61.30913
871.9451,54.89999,774.5301,60.97055
872.243,54.89999,774.1417,61.04686
872.5334,54.89999,774.0731,61.1679
872.809,54.89999,774.303,63.93001
873.0716,54.89999,774.6493,65.02181
873.327,54.89999,774.4738,65.569
873.5738,54.89999,774.5805,65.24914
873.8085,54.89999,775.0764,61.42173
874.035,54.89999,775.6393,60.09158
874.2526,54.89999,776.8895,58.52362
874.4615,54.89999,777.02,58.18026
874.6675,54.89999,777.2171,61.1767
874.8559,54.89999,777.2775,62.25273
875.0516,54.89999,777.2991,62.79901
875.2281,54.89999,777.7035,61.79778
875.3998,54.89999,779.894,58.54522
875.5608,54.89999,781.4119,57.93536
875.7268,54.89999,784.4623,58.73063
875.8735,54.89999,785.3035,60.00397
876.0157,54.89999,785.6993,62.28575
876.1569,54.89999,785.803,62.62449
876.2842,54.89999,786.186,62.9818
876.4058,54.89999,786.2108,61.81552
876.5216,54.89999,787.0137,59.70165
876.6355,54.89999,787.3071,59.45096
876.7372,54.89999,787.028,57.49118
876.8457,54.89999,786.9706,57.25672
876.9412,54.89999,785.9056,57.04631
877.032,54.89999,785.7764,57.51144
877.1209,54.89999,786.3895,57.81808
877.2064,54.89999,787.878,58.364
877.2834,54.89999,788.7028,59.07393
877.3557,54.89999,789.4687,61.09787
877.4246,54.89999,789.0045,61.00307
877.4897,54.89999,787.1958,60.80291
877.5513,54.89999,786.2417,61.03161
877.6096,54.89999,785.2602,61.68639
877.6646,54.89999,785.7833,62.25273
877.7181,54.89999,786.236,61.59539
877.767,54.89999,785.2178,61.55377
877.8134,54.89999,782.4941,63.02342
877.8617,54.89999,780.7437,63.78112
877.902,54.89999,779.9993,64.69376
877.9401,54.89999,780.1853,64.49265
877.9756,54.89999,778.969,64.56032
878.0089,54.89999,778.2695,64.92521
878.0401,54.89999,777.2468,64.14222
878.07,54.89999,776.9476,64.26192
878.0972,54.89999,776.7725,65.75867
878.1232,54.89999,777.2458,68.18102
878.1464,54.89999,777.4999,67.55126
878.1721,54.89999,777.2234,64.46388
878.1931,54.89999,776.7081,63.52765
878.2117,54.89999,776.04,64.01149
878.229,54.89999,776.2053,65.16586
878.2455,54.89999,776.8225,67.28281
878.2598,54.89999,776.9041,67.98611
878.2737,54.89999,776.1441,66.68528
878.2859,54.89999,775.5615,65.16828
878.2975,54.89999,775.4684,64.03632
878.308,54.89999,775.9763,64.02919
878.3177,54.89999,777.2285,63.61908
878.3266,54.89999,777.6671,63.37431
878.3347,54.89999,778.3564,63.43795
878.342,54.89999,778.567,64.10841
878.3487,54.89999,778.5972,64.82201
878.3547,54.89999,778.2286,64.92282
878.3602,54.89999,776.4827,64.07455
878.3651,54.89999,775.4713,63.73635
878.3696,54.89999,773.8055,64.66952
878.3737,54.89999,773.2866,64.90974
878.3773,54.89999,773.106,63.81689
878.3807,54.89999,773.1868,62.4205
878.3834,54.89999,773.6262,60.9483
878.3859,54.89999,774.1193,62.27924
878.3879,54.89999,774.7051,63.26416
878.3898,54.89999,774.5239,62.36739
878.3914,54.89999,773.2986,59.21912
878.3928,54.89999,772.8298,57.82319
878.394,54.89999,772.0399,59.20171
878.3951,54.89999,771.8359,60.05522
878.396,54.89999,770.975,61.35733
878.3967,54.89999,770.5723,62.27056
878.3974,54.89999,769.8644,61.84114
878.3979,54.89999,769.9078,62.24651
878.3984,54.89999,769.831,62.78893
878.3987,54.89999,769.5331,62.7278
878.399,54.89999,768.8959,63.53105
878.3993,54.89999,768.7709,64.12628
878.3995,54.89999,768.9896,66.52972
878.3996,54.89999,769.4871,66.95004
878.3997,54.89999,770.0225,66.85845
878.3998,54.89999,768.805,65.35107
878.3998,54.89999,767.7168,64.90149
878.3999,54.89999,765.8873,65.24681
878.3999,54.89999,765.6779,65.57447
878.4,54.89999,764.9946,68.17215
878.4,54.89999,764.7297,69.06581
878.4,54.89999,764.8843,68.36986
878.4,54.89999,765.0115,67.39893
878.4,54.89999,766.2727,65.84849
878.4,54.89999,766.8716,66.21748
878.4,54.89999,767.076,66.37929
878.4,54.89999,766.516,66.17493
878.4,54.89999,766.2574,66.06809
